Coin,24H %
Trust Wallet Token,3.95419824
Hedera,1.85786287
Litecoin,1.21200873
eCash,0.85639114
Terra Classic,0.03170842
Pax Dollar,0.02640152
Binance USD,0.02118125
TrueUSD,0.00223075
USD Coin,-0.00948823
Tether,-0.01027193
