total_cases_per_population,location
29.355466820420396,Europe
26.356821661317515,Oceania
18.384219673570023,North America
14.439182142309276,South America
3.630042998477698,Asia
0.8821586653676504,Africa
