location,people_vaccinated_per_population
South America,85.2093306919329
Asia,76.3658491488077
North America,73.97296479423203
Europe,68.98742338430843
Oceania,65.30421175402948
Africa,26.704819547081986
