location,total_deaths_per_total_cases
South America,2.1044323892925663
Africa,2.0856334058908614
North America,1.35265646633833
Europe,0.8605848713549796
Asia,0.8555868081197787
Oceania,0.14511431557797103
